{
    "name": "root",
    "gauges": {
        "Sprinter.Policy.Entropy.mean": {
            "value": -0.21561883389949799,
            "min": -0.21561883389949799,
            "max": -0.20175506174564362,
            "count": 56
        },
        "Sprinter.Policy.Entropy.sum": {
            "value": -4313.2392578125,
            "min": -4313.2392578125,
            "max": -2421.060791015625,
            "count": 56
        },
        "Sprinter.IsTraining.mean": {
            "value": 1.0,
            "min": 1.0,
            "max": 1.0,
            "count": 56
        },
        "Sprinter.IsTraining.sum": {
            "value": 1.0,
            "min": 1.0,
            "max": 1.0,
            "count": 56
        },
        "Sprinter.Step.mean": {
            "value": 3099355.0,
            "min": 2019355.0,
            "max": 3099355.0,
            "count": 55
        },
        "Sprinter.Step.sum": {
            "value": 3099355.0,
            "min": 2019355.0,
            "max": 3099355.0,
            "count": 55
        },
        "Sprinter.Policy.ExtrinsicValueEstimate.mean": {
            "value": 320.8353576660156,
            "min": 320.5969543457031,
            "max": 321.0301818847656,
            "count": 55
        },
        "Sprinter.Policy.ExtrinsicValueEstimate.sum": {
            "value": 7700.048828125,
            "min": 7694.32666015625,
            "max": 7704.724609375,
            "count": 55
        },
        "Sprinter.Losses.PolicyLoss.mean": {
            "value": 0.022022910573389055,
            "min": 0.01778574203391062,
            "max": 0.02942618176243023,
            "count": 55
        },
        "Sprinter.Losses.PolicyLoss.sum": {
            "value": 0.022022910573389055,
            "min": 0.01778574203391062,
            "max": 0.02942618176243023,
            "count": 55
        },
        "Sprinter.Losses.ValueLoss.mean": {
            "value": 0.03924868491135145,
            "min": 0.031713518951284256,
            "max": 0.8274183547632261,
            "count": 55
        },
        "Sprinter.Losses.ValueLoss.sum": {
            "value": 0.03924868491135145,
            "min": 0.031713518951284256,
            "max": 0.8274183547632261,
            "count": 55
        },
        "Sprinter.Policy.LearningRate.mean": {
            "value": 3.8173041827020006e-05,
            "min": 3.8173041827020006e-05,
            "max": 5.9773020227019995e-05,
            "count": 55
        },
        "Sprinter.Policy.LearningRate.sum": {
            "value": 3.8173041827020006e-05,
            "min": 3.8173041827020006e-05,
            "max": 5.9773020227019995e-05,
            "count": 55
        },
        "Sprinter.Policy.Epsilon.mean": {
            "value": 0.09999999999999999,
            "min": 0.09999999999999999,
            "max": 0.1,
            "count": 55
        },
        "Sprinter.Policy.Epsilon.sum": {
            "value": 0.09999999999999999,
            "min": 0.09999999999999999,
            "max": 0.1,
            "count": 55
        },
        "Sprinter.Policy.Beta.mean": {
            "value": 0.0011513721020000001,
            "min": 0.0011513721020000001,
            "max": 0.0017972121019999999,
            "count": 55
        },
        "Sprinter.Policy.Beta.sum": {
            "value": 0.0011513721020000001,
            "min": 0.0011513721020000001,
            "max": 0.0017972121019999999,
            "count": 55
        },
        "Sprinter.Environment.EpisodeLength.mean": {
            "value": 1666.0,
            "min": 1665.0,
            "max": 1666.0,
            "count": 55
        },
        "Sprinter.Environment.EpisodeLength.sum": {
            "value": 19992.0,
            "min": 19980.0,
            "max": 19992.0,
            "count": 55
        },
        "Sprinter.Environment.CumulativeReward.mean": {
            "value": 2650.4417521158853,
            "min": 2644.059051513672,
            "max": 2650.4417521158853,
            "count": 55
        },
        "Sprinter.Environment.CumulativeReward.sum": {
            "value": 31805.301025390625,
            "min": 31728.708618164062,
            "max": 31805.301025390625,
            "count": 55
        },
        "Sprinter.Policy.ExtrinsicReward.mean": {
            "value": 2650.4417521158853,
            "min": 2644.059051513672,
            "max": 2650.4417521158853,
            "count": 55
        },
        "Sprinter.Policy.ExtrinsicReward.sum": {
            "value": 31805.301025390625,
            "min": 31728.708618164062,
            "max": 31805.301025390625,
            "count": 55
        }
    },
    "metadata": {
        "timer_format_version": "0.1.0",
        "start_time_seconds": "1679076245",
        "python_version": "3.9.16 (main, Jan 11 2023, 16:16:36) [MSC v.1916 64 bit (AMD64)]",
        "command_line_arguments": "V:\\Anaconda3\\envs\\ML-Agent\\Scripts\\mlagents-learn config/ppo/Sprint/Mimicker2D_Sprint_2Layer_FineTuning.yaml --run-id=Mimicker2D_RopeSprint_5 --num-areas=12 --time-scale=100 --resume",
        "mlagents_version": "0.30.0",
        "mlagents_envs_version": "0.30.0",
        "communication_protocol_version": "1.5.0",
        "pytorch_version": "1.13.1+cu117",
        "numpy_version": "1.21.2",
        "end_time_seconds": "1679077739"
    },
    "total": 1494.5069241,
    "count": 1,
    "self": 0.005809000000226661,
    "children": {
        "run_training.setup": {
            "total": 0.07305450000000002,
            "count": 1,
            "self": 0.07305450000000002
        },
        "TrainerController.start_learning": {
            "total": 1494.4280606,
            "count": 1,
            "self": 1.6212893000140411,
            "children": {
                "TrainerController._reset_env": {
                    "total": 7.1471644,
                    "count": 1,
                    "self": 7.1471644
                },
                "TrainerController.advance": {
                    "total": 1485.509427199986,
                    "count": 93193,
                    "self": 1.6281911000166929,
                    "children": {
                        "env_step": {
                            "total": 1228.6985592999656,
                            "count": 93193,
                            "self": 915.6958661999743,
                            "children": {
                                "SubprocessEnvManager._take_step": {
                                    "total": 311.949667600006,
                                    "count": 93193,
                                    "self": 5.308164900032693,
                                    "children": {
                                        "TorchPolicy.evaluate": {
                                            "total": 306.64150269997333,
                                            "count": 93156,
                                            "self": 306.64150269997333
                                        }
                                    }
                                },
                                "workers": {
                                    "total": 1.0530254999854005,
                                    "count": 93192,
                                    "self": 0.0,
                                    "children": {
                                        "worker_root": {
                                            "total": 1486.0487340999673,
                                            "count": 93192,
                                            "is_parallel": true,
                                            "self": 671.3505721999383,
                                            "children": {
                                                "steps_from_proto": {
                                                    "total": 0.0006777000000006694,
                                                    "count": 1,
                                                    "is_parallel": true,